Observatoire des territoires - ANCT; ; 
Référentiel géographique : EPCI / EPT (2025); ; 
Code;Libellé;Part des logements sur-occupés hors studios d'une seule personne 2021
200000172;CC Faucigny - Glières;4
200000438;CC du Pays de Pontchâteau St-Gildas-des-Bois;1
200000545;CC des Portes de Romilly sur Seine;3
200000628;CC Rhône Lez Provence;2
200000800;CC Coeur de Sologne;2
200000925;CC de la Plaine Dijonnaise;2
200000933;CC Sauldre et Sologne;1
200004802;CC du Pays de Fayence;5
200005932;CC des Portes de Sologne;2
200005957;CC de la Région de Rambervillers;2
200006682;CA Beaune, Côte et Sud - Communauté Beaune-Chagny-Nolay;2
200006716;CC du Nogentais;2
200006930;CC du Haut Allier Margeride;1
200006971;CC du Perche;2
200007052;CC de la Marche Berrichonne;1
200007177;CC Pays de Nérondes;1
200010650;CA du Grand Dole;2
200010700;CA Caux Seine Agglo;2
200011773;CA Annemasse-Les Voirons-Agglomération;8
200011781;CC Portes du Berry entre Loire et Val d'Aubois;1
200013050;CC Sauer-Pechelbronn;2
200015162;CC de l'Oriente;5
200016905;CC du Pays de Lamastre;3
200017341;CC Lodévois et Larzac;3
200017846;CA Étampois Sud Essonne;7
200018083;CC de Desvres-Samer;1
200018166;CC Le Grésivaudan;2
200018406;CC du Romorantinais et du Monestois;2
200018521;CC du Val de Bouzanne;1
200018653;CA CAP Excellence;9
200022986;CC du Grand Pic Saint-Loup;1
200023075;CC du Pays de Maîche;1
200023125;CC Les Portes Briardes Entre Villes et Forêts;7
200023240;CC Pays de Nemours;4
200023299;CC Coeur de Tarentaise;5
200023307;CA du Grand Villeneuvois;2
200023372;CC de la Vallée de Chamonix-Mont-Blanc;4
200023414;Métropole Rouen Normandie;3
200023620;CC de la Gascogne Toulousaine;1
200023737;CA du Grand Cahors;2
200023778;CA du Pays de Saint-Gilles-Croix-de-Vie;1
200023794;CC de Blaye;3
200023919;CC Gâtinais Val de Loing;3
200026573;CC Haut-Jura Saint-Claude;2
200027027;CC Arc Sud Bretagne;1
200027076;CC Arnon Boischaut Cher;3
200027100;CC Méditerranée Porte des Maures;5
200027183;CU Perpignan Méditerranée Métropole;4
200027217;CC Sarlat-Périgord Noir;2
200027308;CC d'Auberive Vingeanne et Montsaugeonnais;1
200027548;CC des Savanes;27
200029734;CC des 4B Sud Charente;1
200029999;CC Rives de l'Ain - Pays du Cerdon;2
200030195;Métropole Nice Côte d'Azur;12
200030385;CA de Blois ''Agglopolys'';3
200030435;CC d'Aire-sur-l'Adour;2
200030526;CC du Ried de Marckolsheim;2
200030633;CA du Caudrésis et du Catésis;2
200030658;CC du Trièves;1
200030674;CA Val de Garonne Agglomération;2
200032514;CC Berry-Loire-Vauvise;1
200033025;CA de Bar-le-Duc - Sud Meuse;1
200033090;CC Plaines et Monts de France;3
200033116;CC Cluses-Arve et Montagnes;6
200033173;CC de la Haute Vallée de Chevreuse;3
200033181;CA Chartres Métropole;3
200033298;CC des Coëvrons;1
200033579;CU d'Arras;2
200033827;CC de Fium'Orbu Castellu;4
200033868;CC des Ballons des Hautes-Vosges;2
200034023;CC Tarn-Agout;1
200034031;CC des Monts d'Alban et du Villefranchois;2
200034049;CC Centre Tarn;1
200034056;CC du Lautrécois et du Pays d'Agout;1
200034064;CC du Cordais et du Causse;3
200034098;CC des Montagnes du Giffre;2
200034130;CC Gally Mauldre;2
200034197;CC de Montaigne Montravel et Gurson;3
200034205;CC de la Costa Verde;4
200034270;CC du Pays de Barr;2
200034379;CC Pays d'Uzès;2
200034411;CC du Piémont Cévenol;2
200034601;CC Causses Aigoual Cévennes;2
200034635;CC du Kochersberg;1
200034692;CA du Gard Rhodanien;2
200034700;CA Durance-Lubéron-Verdon Agglomération;3
200034718;CC de Vitry, Champagne et Der;2
200034726;CC Bastides de Lomagne;1
200034825;CA du Grand Guéret;1
200034833;CC des Bastides Dordogne-Périgord;1
200034874;CC Côtes de Meuse Woëvre;1
200034882;CC Pays du Mont-Blanc;3
200034957;CC du Frontonnais;2
200035087;CA Terre de Provence;3
200035103;CC de la Vallée de la Haute Sarthe;1
200035111;CC des Sources de l'Orne;1
200035129;CC de Cèze Cévennes;3
200035137;CC Marche Occitane - Val d'Anglin;1
200035202;CC Charlieu-Belmont;1
200035319;Estérel Côte d'Azur Agglomération;6
200035327;CC Cazals-Salviac;1
200035442;CC du Sud Artois;2
200035533;CC du Grand Saint Emilionnais;1
200035541;CC des Landes d'Armagnac;1
200035632;CC Armagnac Adour;1
200035707;CC Piège Lauragais Malepère;1
200035715;CA Carcassonne Agglo;2
200035723;CC Ventoux Sud;2
200035731;CA Roannais Agglomération;2
200035756;CC Astarac Arros en Gascogne;1
200035764;CC de la Beauce Loirétaine;2
200035772;CC du Pays du Saintois;1
200035814;CA Flers Agglo;2
200035848;CC du Châtillonnais en Berry;1
200035855;CC Castelnaudary Lauragais Audois;3
200035863;CC Région Lézignanaise, Corbières et Minervois;2
200035970;CC Vexin Centre;3
200036069;CC du Pays de Mortagne-au-Perche;1
200036077;CC du Golfe de Saint-Tropez;8
200036135;CC Coeur de France;2
200036150;CC des Hauts du Val de Saône;1
200036465;CC de Thann-Cernay;2
200036473;CA "Saintes - Grandes Rives - L'Agglo";1
200036499;CC de Marana-Golo;5
200036523;CC des Bastides en Haut Agenais Périgord;1
200036549;CC Val de Gray;2
200037059;CC de la Haute Somme (Combles - Péronne - Roisel);2
200037133;CC du Provinois;5
200038958;CC de la Pieve de l'Ornano et du Taravo;5
200038990;CC de Saint-Méen Montauban;1
200039022;CA Vitré Communauté;1
200039055;CC Ouche et Montagne;1
200039063;CC Forêts, Seine et Suzon;0
200039204;CC de Lacq-Orthez;1
200039519;CC du Quercy Blanc;2
200039642;CC Le Tonnerrois en Bourgogne;2
200039709;CC du Serein;1
200039758;CC Avallon, Vézelay, Morvan;1
200039808;CC des Gorges de l'Ardèche;1
200039824;CC Ardèche des Sources et Volcans;2
200039832;CC Pays des Vans en Cévennes;4
200039857;CA du Pays de Grasse;7
200039865;Metz Métropole;3
200039907;CC du Sud Messin;1
200039915;CA Cannes Pays de Lérins;11
200039931;CC Alpes d'Azur;8
200039949;CC Rives de Moselle;2
200040038;CC Saône Doubs Bresse;1
200040095;CC Isle Vern Salembre en Périgord;2
200040111;CC Coeur de Chartreuse;1
200040137;CC des Lacs de Champagne;1
200040178;CC de l'Outre-Forêt;2
200040202;CC Provence Verdon;3
200040210;CC Lacs et Gorges du Verdon;3
200040244;CA du Bocage Bressuirais;2
200040251;CC Bassée-Montois;2
200040277;CA Agglo du Pays de Dreux;5
200040293;CC du Clunisois;1
200040350;CC Bugey Sud;2
200040384;CC Isle Double Landais;1
200040392;CA Le Grand Périgueux;2
200040400;CC du Périgord Ribéracois;1
200040418;CC du Pays de Serres en Quercy;2
200040426;CC du Val de l'Oise;1
200040442;CA Luberon Monts de Vaucluse;3
200040459;CA Montélimar Agglomération;3
200040475;LBN Communauté;1
200040491;CC Porte de Dromardèche;2
200040509;CC du Crestois et de Pays de Saillans Coeur de Drôme;2
200040558;CC Écueillé-Valençay;2
200040566;CA de l'Ouest Rhodanien;2
200040574;CC Beaujolais Pierres Dorées;1
200040590;CA Villefranche Beaujolais Saône;4
200040624;CC Pays d'Apt-Luberon;3
200040657;CC de la Matheysine;2
200040681;CC Enclave des Papes - Pays de Grignan;3
200040715;Grenoble-Alpes-Métropole;4
200040764;CC du Sud Corse;6
200040772;CC du Perche et Haut Vendômois;2
200040798;CC Val Vanoise;3
200040814;CC Briance Sud Haute Vienne;1
200040830;CC du Pays de Fénelon;1
200040889;CC de Portes Sud Périgord;2
200040905;CC Carmausin-Ségala;1
200040947;CA Coeur de Flandre;1
200040954;CC des Hauts de Flandre;1
200041010;CC Coeur de Savoie;2
200041051;CC Vallée de la Dordogne et Forêt Bessède;1
200041150;CC Terrassonnais Haut Périgord Noir;1
200041168;CC de la Vallée de l'Homme;2
200041283;CC de la Plaine du Rhin;2
200041317;CA du Niortais;1
200041325;CC du Pays Rhénan;2
200041333;CC de Parthenay-Gâtine;1
200041366;CC Rhône Crussol;1
200041416;CC Airvaudais-Val du Thouet;1
200041440;CC de Domme- Villefranche du Périgord;1
200041465;CC Val Eyrieux;2
200041499;CC Aunis Atlantique;1
200041507;CA La Riviéra du Levant;8
200041515;CC du Bassin de Pont-à-Mousson;2
200041523;CC de la Haute Saintonge;1
200041556;CC Portes de la Creuse en Marche;2
200041572;CC Dronne et Belle;1
200041614;CC Aunis Sud;2
200041622;CC Ardennes Thiérache;1
200041630;Ardenne Métropole;2
200041689;Vals de Saintonge Communauté;1
200041721;CC de la Haute Comté;1
200041762;CA Rochefort Océan;2
200041788;CA du Pays Nord Martinique;7
200041853;CC du Pays de Montbozon et du Chanois;1
200041861;CC du Triangle Vert;1
200041879;CC Terres de Saône;0
200041887;CC du Val Marnaysien;2
200041960;CC Pévèle-Carembault;1
200041994;CC Haut Val de Sèvre;1
200042000;CC Bruyères-Vallons des Vosges;1
200042174;CA Lorient Agglomération;2
200042182;CC du Mont des Avaloirs;1
200042190;CA de la Porte du Hainaut;3
200042372;CC des Coteaux Arrats Gimone;1
200042414;CC Bresse Revermont 71;1
200042463;CC de la Montagne Noire;1
200042497;CC Dombes Saône Vallée;2
200042604;CC de Granville, Terre et Mer;1
200042620;CC de la Région de Suippes;1
200042646;CC Grand Orb Communauté de Communes en Languedoc;2
200042653;CC Sud-Hérault;1
200042703;CC de l'Argonne Champenoise;0
200042729;CC de la Baie du Cotentin;1
200042901;CC Drôme Sud Provence;2
200042935;CA Haut-Bugey Agglomération;4
200042943;CC du Cap Corse;2
200042992;CC Perthois-Bocage et Der;0
200043016;CC Val de Charente;3
200043065;CC du Val d'Amboise;2
200043081;CC Chinon, Vienne et Loire;1
200043123;CC Auray Quiberon Terre Atlantique;1
200043156;CC du Pays Rethélois;1
200043172;CA du Bassin de Brive;2
200043263;CC Coeur de l'Avesnois;2
200043321;CC du Pays de Mormal;2
200043354;CC de Villedieu Intercom;1
200043396;CA Maubeuge Val de Sambre;2
200043404;CC du Sud Avesnois;2
200043438;CC de la Moivre à la Coole;1
200043495;CA du Pays de Laon;3
200043602;CC des Albères, de la Côte Vermeille et de l'Illibéris;3
200043628;CC des Vallées du Clain;1
200043693;CC Terre Lorraine du Longuyonnais;1
200043776;CC Pyrénées audoises;1
200043974;CC du Sud Gironde;2
200043982;CC du Bazadais;1
200043990;CC Vallons de Haute-Bretagne Communauté;1
200044014;CC Creuse Grand Sud;2
200044030;CC des 7 Vallées;2
200044048;CC Osartis Marquion;1
200044253;CC du Bassin de Joinville en Champagne;2
200044394;CC du Réolais en Sud Gironde;2
200044469;CC du Pays de Mirepoix;1
200044618;CA Douaisis Agglo;3
200044691;CA du Nord Grande Terre;7
200046977;Métropole de Lyon;7
200048551;CC du Pays de Craon;1
200049187;CA du Grand Verdun;2
200049211;CC Conflent-Canigó;3
200049484;CC Berry Grand Sud;2
200050532;CC de Petite-Terre;N/A - résultat non disponible
200054807;Métropole d'Aix-Marseille-Provence;7
200055481;CC Beauce Val de Loire;2
200055655;CA Roissy Pays de France;15
200055887;CC Mayenne Communauté;1
200056232;CA Communauté Paris-Saclay;7
200056380;CA Plaine Vallée;10
200057859;CA Coeur d'Essonne Agglomération;8
200057867;Plaine Commune;27
200057875;Est Ensemble;20
200057941;#ParisEstMarne&Bois;11
200057958;CA Paris - Vallée de la Marne;11
200057966;Vallée Sud-Grand Paris;10
200057974;Grand Paris Seine Ouest;10
200057982;Paris Ouest La Défense;11
200057990;Boucle Nord de Seine;17
200058006;Grand Paris Sud Est Avenir;13
200058014;Grand-Orly Seine Bièvre;15
200058097;Paris Terres d'Envol;20
200058360;CC Entre Beauce et Perche;2
200058477;CA Val d'Yerres Val de Seine;9
200058485;CA Val Parisis;9
200058519;CA Saint Germain Boucles de Seine;8
200058782;CA de Saint Quentin en Yvelines;8
200058790;Grand Paris Grand Est;15
200059228;CA Grand Paris Sud Seine Essonne Sénart;13
200059392;CC Bièvre Isère;1
200059400;CC Porte Océane du Limousin;1
200059871;CC du Centre-Ouest;N/A - résultat non disponible
200059889;CU Grand Paris Seine et Oise;9
200060010;CA Mauges Communauté;1
200060457;CA de Dembeni / Mamoudzou;N/A - résultat non disponible
200060465;CA du Grand Nord de Mayotte;N/A - résultat non disponible
200060473;CC du Sud;N/A - résultat non disponible
200065563;CC Normandie-Cabourg-Pays d'Auge;2
200065589;CC Val ès Dunes;1
200065597;CU Caen la Mer;3
200065647;CA Pays de Montbéliard Agglomération;2
200065787;CC de Pont-Audemer / Val de Risle;2
200065886;Loire Forez Agglomération (LFA);1
200065894;CC de Forez-Est;1
200065928;CA Lannion-Trégor Communauté;1
200066009;CA Mulhouse Alsace Agglomération;5
200066017;CC Lieuvin Pays d'Auge;2
200066025;CC Alsace Rhin Brisach;2
200066033;CC Sud Alsace Largue;1
200066041;CC Sundgau;1
200066058;CA Saint-Louis Agglomération;3
200066108;CC des Portes de Meuse;1
200066116;CC Argonne-Meuse;1
200066124;CA Gaillac-Graulhet;1
200066132;CC du Pays de Stenay et du Val Dunois;1
200066140;CC de l'Aire à l'Argonne;1
200066157;CC de Commercy - Void - Vaucouleurs;1
200066165;CC Val de Meuse - Voie Sacrée;1
200066173;CC de Damvillers Spincourt;1
200066223;CC Arize Lèze;2
200066231;CC des Portes d'Ariège Pyrénées;3
200066280;CC du Pithiverais;3
200066322;CC Terres des Confluences;2
200066330;CC Terres du Haut Berry;1
200066348;CC du Minervois au Caroux;1
200066355;CA Sète Agglopôle Méditerranée;4
200066363;CC de la Haute Ariège;1
200066371;CC Causses et Vallée de la Dordogne;2
200066389;CA Saint-Lô Agglo;1
200066405;CC Roumois Seine;1
200066413;CC Intercom Bernay Terres de Normandie;2
200066462;CC Interco Normandie Sud Eure;2
200066512;CC Élan Limousin Avenir Nature;1
200066520;CC Ouest Limousin;1
200066553;CC du Haut-Languedoc;1
200066561;CC Sidobre Vals et Plateaux;1
200066587;CC des Monts du Lyonnais;1
200066603;CC du Pays de Lubersac-Pompadour;1
200066637;CC Hautes Terres;1
200066645;CC Vézère-Monédières-Millesources;0
200066652;CC Grand Sud Tarn-et-Garonne;2
200066660;CC de Saint-Flour;1
200066678;CC de la Châtaigneraie Cantalienne;1
200066710;CC Cingal-Suisse Normande;1
200066728;CC Vallées de l'Orne et de l'Odon;1
200066744;CC Haute-Corrèze Communauté;1
200066751;CC Xaintrie Val'Dordogne;1
200066769;CC Midi Corrézien;1
200066777;Ploërmel Communauté;1
200066785;CC de l'Oust à Brocéliande;1
200066793;CA du Grand Annecy;4
200066801;CC Isigny-Omaha Intercom;1
200066819;CC du Volvestre;2
200066827;CC du Pays de Honfleur-Beuzeville;3
200066835;CC de Sézanne-Sud Ouest Marnais;1
200066850;CC des Paysages de la Champagne;1
200066868;CC Presqu'île de Crozon-Aulne maritime;1
200066876;CA de Châlons-en-Champagne;2
200066884;CC Quercy Vert-Aveyron;2
200066892;CC de Vendeuvre-Soulaines;1
200066918;CA Alès Agglomération;3
200066926;CA Grand Auch Coeur de Gascogne;2
200066975;CC Senlis Sud Oise;3
200067023;CC Coutances Mer et Bocage;1
200067031;CC Côte Ouest Centre Manche;1
200067049;CC Spelunca-Liamone;4
200067064;CC Decazeville Communauté;2
200067072;CC Haut-Léon Communauté;1
200067080;CC Chablis Villages et Terroirs;2
200067106;CA du Pays Basque;3
200067114;CA de l'Auxerrois;2
200067122;CC du Pays de Lafrançaise;1
200067130;CC de Puisaye-Forterre;1
200067155;CC Saint Affricain, Roquefort, Sept Vallons;2
200067163;CC Monts, Rance et Rougier;1
200067171;CC Aubrac Carladez Viadène;1
200067189;CC Creuse Sud Ouest;2
200067197;CC Monts d'Arrée Communauté;2
200067205;CA du Cotentin;1
200067213;CU du Grand Reims;3
200067239;CC des Luys en Béarn;1
200067247;CC Pleyben-Châteaulin-Porzay;1
200067254;CA Pau Béarn Pyrénées;2
200067262;CC du Haut Béarn;1
200067288;CC du Béarn des Gaves;1
200067296;CC du Nord Est Béarn;1
200067304;CC Serein et Armance;2
200067320;CC Serre-Ponçon Val d'Avance;2
200067346;CA Pornic Agglo Pays de Retz;1
200067361;CC Grand-Figeac;1
200067379;CC Côtes de Champagne et Val de Saulx;1
200067429;CC Haut Nivernais - Val d'Yonne;2
200067437;CA Provence-Alpes-Agglomération;3
200067445;CC Buëch-Dévoluy;2
200067452;CC du Guillestrois et du Queyras;3
200067460;CC Loudéac Communauté - Bretagne Centre;2
200067478;CC Comtal Lot et Truyère;1
200067486;CC Bouzonvillois-Trois Frontières;2
200067502;CA Saint-Avold Synergie;2
200067544;CC Creuse Confluence;1
200067551;CA Thonon Agglomération;4
200067593;CC Marche et Combraille en Aquitaine;1
200067627;CC Billom Communauté;1
200067635;CA Clisson Sèvre et Maine Agglo;1
200067643;CC Meurthe Mortagne Moselle;1
200067650;CC Houve - Pays Boulageois;1
200067668;CC de la Cléry, du Betz et de l'Ouanne;2
200067676;CC Canaux et Forêts en Gâtinais;2
200067684;CA Epernay, Coteaux et Plaine de Champagne;2
200067692;CC Tannay-Brinon-Corbigny;2
200067700;CC Sud Nivernais;2
200067742;CC Serre-Ponçon;3
200067759;CC Vallées et Plateau d'Ardenne;1
200067767;CC du Royans-Vercors;2
200067783;CC de Hanau-La Petite Pierre;2
200067791;CA L'Agglo Foix-Varilhes;1
200067817;CC Saône-Beaujolais;2
200067825;CA Gap-Tallard-Durance;2
200067841;CC de l'Alsace Bossue;1
200067866;CC Sèvre et Loire;1
200067874;CA de Haguenau;3
200067882;CC Bazois Loire Morvan;1
200067890;CC Morvan Sommets et Grands Lacs;2
200067908;CC Amognes Coeur du Nivernais;1
200067916;CC Coeur de Loire;1
200067924;CC du Canton d'Erstein;2
200067932;CA Golfe du Morbihan - Vannes Agglomération;2
200067940;CC Couserans-Pyrénées;3
200067957;CC Haut Chemin - Pays de Pange;1
200067965;CA de la Région de Compiègne et de la Basse Automne;4
200067973;CC Thelloise;3
200067981;CA Guingamp-Paimpol Agglomération de l'Armor à l'Argoat;1
200067999;CA du Beauvaisis;5
200068005;CC de l'Oise Picarde;2
200068047;CA Creil Sud Oise;13
200068070;CC Loue-Lison;1
200068088;CC Les Bertranges;1
200068096;CC Champsaur-Valgaudemar;2
200068104;CA de la Provence Verte;4
200068112;CC du Pays de Saverne;2
200068120;CA Quimper Bretagne Occidentale;2
200068146;CC Sarrebourg Moselle Sud;2
200068229;CC des Baronnies en Drôme Provençale;2
200068278;CC Berry Loire Puisaye;2
200068294;CC des Deux Vallées Vertes;1
200068369;CC de Mirecourt Dompaire;1
200068377;CC de la Porte des Vosges Méridionales;1
200068435;CC Coeur du Perche;2
200068443;CC Andaine - Passais;1
200068450;Terres d'Argentan Interco;1
200068468;CC des Pays de L'Aigle;2
200068484;CC des Causses à l'Aubrac;1
200068500;CA de Cambrai;2
200068534;CC Terroir de Caux;1
200068542;CC Les Balcons du Dauphiné;1
200068559;CC de l'Ouest Vosgien;1
200068567;CC Les Vals du Dauphiné;2
200068625;CC Alpes-Provence-Verdon "Sources de lumière";3
200068641;CA Le Muretain Agglo;2
200068658;CA de Chaumont;1
200068666;CA du Grand Saint-Dizier Der et Vallées;2
200068674;CA Grand Lac;3
200068682;CC Terre d'Eau;1
200068757;CA d'Epinal;2
200068765;CC du Sisteronais-Buëch;3
200068773;CC des Vosges côté Sud Ouest;1
200068781;CA Valence Romans Agglo;3
200068799;CC Intercom de la Vire au Noireau;1
200068807;CC du Bassin Auterivain Haut-Garonnais;2
200068815;CC Coeur de Garonne;2
200068831;Pays Ségali Communauté;1
200068856;CC des Hauts du Perche;1
200068864;CC de la Mossig et du Vignoble;1
200068872;CC Éguzon - Argenton - Vallée de la Creuse;2
200068880;CC Champagne Boischauts;2
200068914;CC La Rochefoucauld Porte du Périgord;1
200068922;CC du Confluent et des Coteaux de Prayssas;2
200068930;CC Fumel Vallée du Lot;1
200068948;CC Albret Communauté;1
200068955;CC Anjou Loir et Sarthe;1
200068963;CC Maine Coeur de Sarthe;1
200068989;CA Dinan Agglomération;1
200068997;CA Arlysère;3
200069003;CC du Barséquanais en Champagne;2
200069029;CA des Deux Baies en Montreuillois;2
200069037;CA du Pays de Saint-Omer;2
200069052;CA Grand Belfort;2
200069060;CC des Vosges du Sud;2
200069086;CC Leff Armor Communauté;1
200069094;CC Isle et Crempse en Périgord;2
200069102;CC Randon - Margeride;0
200069110;CA du Grand Chambéry;4
200069128;CC Mont Lozère;2
200069136;CC des Cévennes au Mont Lozère;3
200069144;CC des Hautes Terres de l'Aubrac;0
200069151;CC Gorges Causses Cévennes;1
200069169;CC Dômes Sancy Artense;1
200069177;CC Mond'Arverne Communauté;1
200069185;CC des Terres d'Apcher-Margeride-Aubrac;2
200069193;CC de la Dombes;1
200069227;CC Pays Fort Sancerrois Val de Loire;2
200069235;CC du Haut Pays du Montreuillois;1
200069250;CA Troyes Champagne Métropole;4
200069268;CC Aubrac Lot Causses Tarn;1
200069300;CA Tarbes-Lourdes-Pyrénées;2
200069383;Ouest Aveyron Communauté;2
200069391;CA Lamballe Terre et Mer;1
200069409;CA Saint-Brieuc Armor Agglomération;1
200069417;CC Pays d'Orthe et Arrigans;1
200069425;CA Mont-Saint-Michel-Normandie;1
200069433;CC de Vezouze en Piémont;1
200069441;CC du Pays de Bitche;1
200069458;CC des Vallées d'Auge et du Merlerault;1
200069482;CC des Campagnes de l'Artois;1
200069516;CC Seulles Terre et Mer;1
200069524;CC Pré-Bocage Intercom;1
200069532;CA Lisieux Normandie;2
200069540;CC Norge et Tille;1
200069565;CC des Lacs et Montagnes du Haut-Doubs;2
200069581;CC Convergence Garonne;2
200069599;CC Rurales de l'Entre-Deux-Mers;1
200069615;CC Bresse Haute Seille;1
200069623;CC Champagnole Nozeroy Jura;1
200069631;CC Terres de Chalosse;1
200069649;CC Chalosse Tursan;1
200069656;CC Coeur Haute Lande;1
200069664;CC Meuse Rognon;1
200069672;CC du Ternois;1
200069698;CC Mâconnais - Tournugeois;3
200069722;CC Interrégionale Aumale - Blangy-sur-Bresle;1
200069730;CC des Quatre Rivières en Bray;2
200069748;CC Val de Gâtine;1
200069755;CC Mellois en Poitou;1
200069763;CC du Haut Poitou;1
200069821;CA Fécamp Caux Littoral Agglomération;2
200069839;CC de la Côte d'Albâtre;1
200069847;CC Plateau de Caux;1
200069854;CU du Grand Poitiers;3
200069912;CC des Forêts du Perche;1
200069953;CC des Portes Euréliennes d'Ile de France;2
200069961;CC du Grand Châteaudun;2
200069995;CC Médoc Coeur de Presqu'île;3
200070035;CC du Civraisien en Poitou;1
200070043;CC Vienne et Gartempe;2
200070068;CC Bray-Eawy;2
200070092;CA du Libournais;3
200070100;CC du Val de Sully;2
200070118;CC Val de Saône Centre;1
200070126;CC Seine et Aube;2
200070142;CC Lyons Andelle;2
200070159;CC Coeur de Beauce;1
200070167;CC Terres de Perche;3
200070183;CC des Terres du Val de Loire;2
200070233;CA Terres de Montaigu;1
200070282;CC Lavalette Tude Dronne;1
200070290;CC Coeur du Pays Haut;2
200070308;CA Mâconnais Beaujolais Agglomération;2
200070316;CC Entre Arroux, Loire et Somme;0
200070324;CC du Territoire de Lunéville à Baccarat;2
200070332;CC des Savoir-Faire;1
200070340;CC Haute Maurienne Vanoise;3
200070365;CC Corbières Salanque Méditerranée;4
200070373;CC Loir-Lucé-Bercé;2
200070407;CA Agglo Pays d'Issoire;1
200070431;CC Saint-Marcellin Vercors Isère Communauté;1
200070449;CC Inter-Caux-Vexin;1
200070464;CC Coeur de Maurienne Arvan;2
200070506;CC Pays de Nexon Monts de Chalus;1
200070514;CA du Grand Cognac;1
200070530;CC du Grand Autunois Morvan;2
200070548;CC Brionnais Sud Bourgogne;1
200070555;CC de la Veyle;1
200070563;CC Terres Touloises;2
200070571;CC Coeur de Berry;1
200070589;CC de Seille et Grand Couronné;1
200070647;CA Bergeracoise;2
200070662;CC Bretagne Porte de Loire Communauté;1
200070670;CC du Pays de Dol et de la Baie du Mont Saint-Michel;2
200070688;CC Couesnon Marches de Bretagne;1
200070712;CC Thiers Dore et Montagne;2
200070720;CC Médoc Atlantique;2
200070738;CC Mad et Moselle;1
200070746;CA Sarreguemines Confluences;2
200070753;CA Riom Limagne et Volcans;1
200070761;CC Ambert Livradois Forez;1
200070779;CC Brie des Rivières et Châteaux;3
200070787;CC du Plateau de Lannemezan;1
200070795;CC du Pays de Trie et du Magnoac;2
200070803;CC des Coteaux du Val d'Arros;1
200070811;CC Pyrénées Vallées des Gaves;1
200070829;CC Neste Barousse;1
200070845;CC Orne Lorraine Confluences;2
200070852;CC Usses et Rhône;2
200070894;CC de Gevrey-Chambertin et de Nuits-Saint-Georges;1
200070902;CC Auxonne Pontailler Val de Saône;2
200070910;CC Tille et Venelle;1
200070928;CC Terre de Picardie;2
200070936;CC Ponthieu-Marquenterre;2
200070944;CC du Vimeu;2
200070951;CC du Territoire Nord Picardie;2
200070969;CC Avre Luce Noye;2
200070977;CC du Grand Roye;2
200070985;CC de l'Est de la Somme;2
200070993;CA de la Baie de Somme;2
200071017;CC des Terres d'Auxois;1
200071025;CC Haute-Provence - Pays de Banon;3
200071033;CC Jabron-Lure-Vançon-Durance;2
200071041;CC du Chaourçois et du Val d'Armance;1
200071058;CC Les Avant-Monts;2
200071066;CA de Saint-Dié-des-Vosges;1
200071074;CC Les Portes de l'Ile de France;3
200071082;CA Montluçon Communauté;2
200071116;CA ECLA (Espace Communautaire Lons Agglomération);2
200071140;CA Moulins Communauté;2
200071165;CA Les Sables d'Olonne Agglomération;1
200071173;CC du Pays Arnay Liernais;2
200071181;CC Somme Sud-Ouest;2
200071199;CC Plaine Limagne;2
200071207;CC de Pouilly-en-Auxois / Bligny-sur-Ouche;2
200071215;CC Chavanon Combrailles et Volcans;1
200071223;CC Nièvre et Somme;2
200071298;CC des Terres du Lauragais;1
200071314;CC des Hauts-Tolosans;2
200071363;CA Vichy Communauté;2
200071371;CC Bresse et Saône;1
200071389;CC Saint-Pourçain Sioule Limagne;1
200071405;CC Ardèche Rhône Coiron;3
200071413;CA Privas Centre Ardèche;2
200071454;CA Evreux Portes de Normandie;4
200071470;CC Entr'Allier Besbre et Loire;1
200071496;CC du Bocage Bourbonnais;1
200071504;CC des Collines du Perche Normand;1
200071512;CC Commentry Montmarault Néris Communauté;2
200071520;CC Domfront Tinchebray Interco;1
200071538;CC Terres de Bresse;1
200071546;CC Sud Retz Atlantique;1
200071553;CC Loire Layon Aubance;1
200071579;CC Bresse Louhannaise Intercom';1
200071587;CC Loches Sud Touraine;1
200071595;CC Arbois, Poligny, Salins, Coeur du Jura;1
200071629;CC Challans-Gois Communauté;2
200071645;CC Saint Cyr Mère Boitier entre Charolais et Mâconnais;1
200071652;CC du Pays Fertois et du Bocage Carrougien;1
200071678;CA Cholet Agglomération;2
200071751;CA du Bassin de Bourg-en-Bresse;2
200071769;CC Picardie des Châteaux;2
200071777;CC d'Arcis, Mailly, Ramerupt;2
200071785;CA Chauny Tergnier La Fère;2
200071819;CC du Périgord Nontronnais;1
200071827;CA du Grand Angoulême;2
200071843;CC du Vexin Normand;3
200071850;CC du Pithiverais-Gâtinais;3
200071868;CC des Vallées du Haut-Anjou;1
200071876;CA Saumur Val de Loire;1
200071884;CC Le Grand Charolais;1
200071892;CA du Saint-Quentinois;3
200071900;CC Vendée Grand Littoral;1
200071918;CC du Pays de Saint-Fulgent - Les Essarts;1
200071926;CC du Limouxin;2
200071934;CC du Pays de Fontenay-Vendée;1
200071942;CC Haut Limousin en Marche;1
200071967;CC Pays d'Evian Vallée d'Abondance;3
200071983;CC Thiérache Sambre et Oise;2
200071991;CC Retz en Valois;3
200072007;CC Montagne d'Ardèche;3
200072015;CA Annonay Rhône Agglo;2
200072023;CC Coeur de Charente;1
200072031;CA de la Région de Château-Thierry;3
200072049;CC de Charente Limousine;1
200072056;CC Porte du Jura;1
200072064;CC Val-de-Cher-Controis;2
200072072;CA Territoires Vendômois;2
200072080;CC du Pays de Saint-Eloy;1
200072098;CC Combrailles Sioule et Morge;1
200072106;CC Adour Madiran;1
200072130;CA du Pays de Meaux;10
200072304;CC Vallée de l'Ubaye - Serre-Ponçon;3
200072312;CA Seine Normandie Agglomération;3
200072320;CC Val de Gers;1
200072346;CA du Pays de Fontainebleau;4
200072452;CA Fougères Agglomération;1
200072460;CA de Béthune-Bruay, Artois-Lys Romane;2
200072478;CC Pays d'Opale;2
200072544;CC des Deux Morin;3
200072635;CC Pyrénées Haut Garonnaises;1
200072643;CC Coeur et Coteaux du Comminges;2
200072650;CC Touraine Vallée de l'Indre;1
200072668;CC Touraine Val de Vienne;1
200072676;CC Maine Saosnois;1
200072684;CC Le Gesnois Bilurien;1
200072692;CC des Vallées de la Braye et de l'Anille;1
200072700;CC Haute Sarthe Alpes Mancelles;1
200072718;CC de la Champagne Conlinoise et du Pays de Sillé;1
200072726;CC Châteaubriant-Derval;1
200072734;CC Estuaire et Sillon;1
200072825;CC Mirebellois et Fontenois;1
200072874;CC Val Briard;3
200072882;CC de Vie et Boulogne;1
200072981;CC Touraine Ouest Val de Loire;2
200072999;CC du Grand Langres;1
200073013;CC Carnelle Pays-de-France;4
200073096;CA Arche Agglo;1
200073104;CC de l'Ile-Rousse - Balagne;6
200073112;CC Sud Sarthe;1
200073120;CC Nebbiu - Conca d'Oro;4
200073138;CC Pasquale Paoli;3
200073146;CC Cagire Garonne Salat;1
200073161;CC Touraine-Est Vallées;1
200073237;CC de Gâtine-Racan;1
200073245;CC du Bassin d'Aubenas;2
200073252;CC de la Castagniccia-Casinca;4
200073260;CC Sud Vendée Littoral;1
200073344;CA Rambouillet Territoires;3
200073393;CC des Rives du Haut Allier;1
200073401;CC Mézenc-Loire-Meygal;1
200073419;CA du Puy-en-Velay;1
200073427;CC Marches du Velay-Rochebaron;1
200077014;CA Vienne Condrieu;3
200083392;CA Laval Agglomération;2
200084952;Le Havre Seine Métropole;3
200085728;CC Brioude Sud Auvergne;1
200085751;CC Entre Bièvre et Rhône;2
200089456;CA Seine-Eure;3
200090504;CA Coulommiers Pays de Brie;4
200090561;CC Vierzon-Sologne-Berry;2
200090579;CC Terre d'Émeraude Communauté;1
200090751;CA Grand Calais Terres et Mers;2
200093201;Métropole Européenne de Lille;4
200096634;CC des Hautes Vosges;1
200096642;CC Gérardmer Hautes Vosges;2
200096675;CC Baud Communauté;1
200096683;CC Centre Morbihan Communauté;1
200096956;CA Agglomération d'Agen;2
240100610;CC de la Côtière à Montluel;3
240100750;CA du Pays de Gex;4
240100800;CC de Miribel et du Plateau;3
240100883;CC de la Plaine de l'Ain;2
240100891;CC Terre Valserhône (CCTV);3
240200444;CC de la Thiérache du Centre;1
240200469;CC du Pays de la Serre;2
240200477;GrandSoissons Agglomération;3
240200493;CC du Pays du Vermandois;2
240200501;CC du Val de l'Aisne;2
240200519;CC du Canton d'Oulchy-le-Château;3
240200576;CC de la Champagne Picarde;1
240200584;CC du Canton de Charly-sur-Marne;2
240200592;CC du Chemin des Dames;2
240200600;CC des Trois Rivières;2
240200634;CC des Portes de la Thiérache;1
240300491;CC du Pays de Lapalisse;1
240300558;CC du Pays de Tronçais;1
240300566;CC du Val de Cher;1
240300657;CC du Pays d'Huriel;1
240400440;CC Pays Forcalquier et Montagne de Lure;3
240500439;CC du Briançonnais;3
240500462;CC du Pays des Ecrins;2
240600551;CA de la Riviera Française;13
240600585;CA de Sophia Antipolis;8
240600593;CC du Pays des Paillons;6
240700302;CC du Pays Beaume-Drobie;3
240700617;CC Val de Ligne;2
240700716;CC du Val d'Ay;1
240700815;CC Berg et Coiron;2
240700864;CC du Rhône aux Gorges de l'Ardèche;3
240800821;CC Ardenne, Rives de Meuse;1
240800847;CC des Portes du Luxembourg;1
240800862;CC des Crêtes Préardennaises;1
240800920;CC de l'Argonne Ardennaise;1
240900431;CC du Pays de Tarascon;2
240900464;CC du Pays d'Olmes;1
241000223;CC Forêts, Lacs, Terres en Champagne;1
241000405;CC de la Région de Bar sur Aube;1
241000447;CC du Pays d'Othe;1
241000488;CC de l'Orvin et de l'Ardusson;1
241100593;CA Le Grand Narbonne;4
241200187;CA Rodez Agglomération;2
241200542;CC du Réquistanais;1
241200567;CC de Millau Grands Causses;2
241200625;CC du Pays Rignacois;0
241200641;CC Conques-Marcillac;1
241200658;CC du Pays de Salars;1
241200674;CC du Plateau de Montbazens;1
241200765;CC de Lévézou Pareloup;1
241200807;CC Aveyron Bas Ségala Viaur;1
241200906;CC Larzac et Vallées;1
241200914;CC de la Muse et des Raspes du Tarn;1
241300375;CC Vallée des Baux-Alpilles (CC VBA);2
241300417;CA d'Arles-Crau-Camargue-Montagnette;5
241400415;CC Coeur Côte Fleurie;3
241400514;CC du Pays de Falaise;2
241400555;CC de Bayeux Intercom;1
241400860;CC Coeur de Nacre;1
241400878;CC Terre d'Auge;1
241500230;Aurillac Agglomération;1
241500255;CC du Pays Gentiane;1
241500271;CC du Pays de Mauriac;0
241501055;CC Sumène - Artense;2
241501089;CC Cère et Goul en Carladès;2
241501139;CC du Pays de Salers;1
241600303;CC du Rouillacais;1
241700434;CA de La Rochelle;2
241700459;CC de l'Ile de Ré;3
241700517;CC Coeur de Saintonge;2
241700624;CC de l'Ile d'Oléron;2
241700632;CC de Gémozac et de la Saintonge Viticole;1
241700640;CA Royan Atlantique;2
241700699;CC du Bassin de Marennes;2
241800374;CC la Septaine;1
241800424;CC le Dunois;1
241800432;CC les Trois Provinces;3
241800457;CC FerCher;1
241800507;CA Bourges Plus;2
241900133;CC de Ventadour - Egletons - Monédières;2
241927201;CA Tulle Agglo;1
241927243;CC du Pays d'Uzerche;2
242000354;CA de Bastia;7
242000495;CC de l'Alta Rocca;5
242000503;CC Celavu-Prunelli;3
242010056;CA du Pays Ajaccien;5
242010130;CC du Sartenais Valinco Taravo;5
242020071;CC du Centre Corse;4
242020105;CC de Calvi Balagne;5
242100154;CC des Vallées de la Tille et de l'Ignon;1
242100410;Dijon Métropole;3
242101434;CC du Pays Châtillonnais;2
242101442;CC de Saulieu-Morvan;3
242101459;CC du Pays d'Alésia et de la Seine;1
242101491;CC du Montbardois;1
242101509;CC Rives de Saône;2
242200715;CC du Kreiz-Breizh (CCKB);1
242300135;CC du Pays Sostranien;1
242320000;CC de Bénévent Grand Bourg;0
242320109;CC du Pays Dunois;1
242400752;CC Périgord-Limousin;2
242400935;CC du Pays de Saint Aulaye;3
242401024;CC Isle-Loue-Auvézère en Périgord;2
242500320;CC Entre Doubs et Loue;1
242500338;CC du Grand Pontarlier;3
242500361;CU Grand Besançon Métropole;3
242504116;CC du Val de Morteau;1
242504181;CC des Portes du Haut-Doubs;1
242504355;CC du Plateau de Russey;1
242504371;CC du Pays de Sancey-Belleherbe;0
242504447;CC du Doubs Baumois;1
242504488;CC Altitude 800;1
242504496;CC du Plateau de Frasne et du Val de Drugeon;1
242600252;CC du Val de Drôme en Biovallée;2
242600492;CC Dieulefit-Bourdeaux;2
242600534;CC du Diois;2
242700276;CC du Pays de Conches;2
242700607;CC du Pays du Neubourg;1
242852465;CC du Bonnevalais;1
242900074;CC du Pays d'Iroise;0
242900314;Brest Métropole;2
242900553;CC du Pays des Abers;1
242900561;CC de Haute Cornouaille;1
242900629;CC Cap Sizun - Pointe du Raz;1
242900645;CC Douarnenez Communauté;1
242900660;CC du Pays Fouesnantais;1
242900694;CA Quimperlé Communauté;1
242900702;CC du Pays Bigouden Sud;1
242900710;CC du Haut Pays Bigouden;1
242900744;CC Poher Communauté;2
242900751;CC du Pays de Landivisiau;1
242900769;CA Concarneau Cornouaille Agglomération;1
242900793;CC Communauté Lesneven Côte des Légendes;1
242900801;CA du Pays de Landerneau-Daoulas;1
242900835;CA Morlaix Communauté;1
243000270;CC du Pays Viganais;2
243000296;CC du Pays de Sommières;3
243000569;CC Rhony, Vistre, Vidourle;2
243000585;CC Beaucaire Terre d'Argence;4
243000593;CC de Petite Camargue;3
243000643;CA de Nîmes Métropole;5
243000650;CC Terre de Camargue;4
243000684;CC du Pont du Gard;2
243100518;Toulouse Métropole;5
243100567;CC Aux sources du Canal du Midi;2
243100633;CA du Sicoval;2
243100732;CC des Coteaux du Girou;1
243100773;CC Val'Aïgo;1
243100781;Le Grand Ouest Toulousain agglomération;2
243100815;CC des Coteaux Bellevue;1
243200391;CC de la Lomagne Gersoise;1
243200409;CC du Bas Armagnac;1
243200417;CC de la Tenarèze;2
243200425;CC Coeur d'Astarac en Gascogne;1
243200458;CC du Grand Armagnac;1
243200508;CC Bastides et Vallons du Gers;0
243200599;CC du Saves;1
243200607;CC Artagnan de Fezensac;2
243300316;Bordeaux Métropole;4
243300563;CA Bassin d'Arcachon Sud (COBAS);2
243300811;CC de l'Estuaire;2
243301165;CC Jalle-Eau-Bourde;1
243301181;CC Latitude Nord Gironde;2
243301215;CC du Créonnais;2
243301223;CC du Grand Cubzaguais;2
243301249;CC Les Rives de la Laurence;1
243301264;CC de Montesquieu;1
243301355;CC les Coteaux Bordelais;1
243301371;CC du Pays Foyen;3
243301389;CC Médullienne;2
243301397;CC du Fronsadais;2
243301405;CC du Val de l'Eyre;1
243301439;CC des Portes de l'Entre-Deux-Mers;1
243301447;CC Médoc Estuaire;1
243301454;CC Castillon/Pujols;2
243301504;CA du Bassin d'Arcachon Nord (COBAN);2
243400017;Montpellier Méditerranée Métropole;7
243400355;CC du Clermontais;3
243400470;CA du Pays de l'Or;5
243400488;CC la Domitienne;2
243400520;CA Lunel Agglo;5
243400694;CC Vallée de l'Hérault;3
243400736;CC des Cévennes Gangeoises et Suménoises;3
243400769;CA de Béziers-Méditerranée;4
243400819;CA Hérault-Méditerranée;4
243500139;Rennes Métropole;3
243500550;CC Montfort Communauté;1
243500618;CC Brocéliande Communauté;2
243500634;Roche aux Fées Communauté;1
243500659;CC Pays de Châteaugiron Communauté;1
243500667;CC Val d'Ille-Aubigné;1
243500725;CC Côte d'Emeraude;1
243500733;CC Bretagne Romantique;1
243500741;CA Redon Agglomération;1
243500774;CC Liffré-Cormier Communauté;1
243500782;CA du Pays de Saint Malo Agglomération;1
243600202;CC Chabris - Pays de Bazelle;2
243600236;CC du Pays d'Issoudun;1
243600293;CC Levroux Boischaut Champagne;2
243600301;CC Val de l'Indre - Brenne;1
243600319;CC Brenne - Val de Creuse;2
243600327;CA Châteauroux Métropole;2
243600343;CC Coeur de Brenne;1
243600350;CC de la Châtre et Sainte-Sévère;2
243700499;CC du Castelrenaudais;2
243700754;Tours Métropole Val de Loire;3
243700820;CC Autour de Chenonceaux Bléré-Val de Cher;1
243800604;CA Porte de l'Isère (CAPI);4
243800745;CC de l'Oisans;3
243800935;CC Lyon-Saint-Exupéry en Dauphiné;3
243800984;CA du Pays Voironnais;2
243801024;CC du Massif du Vercors;3
243801073;CC de Bièvre Est;1
243801255;CC Collines Isère Nord Communauté;1
243900354;CC de la Station des Rousses-Haut Jura;3
243900420;CC du Val d'Amour;1
243900479;CC Haut-Jura Arcade Communauté;3
243900560;CC Jura Nord;1
243900610;CC la Grandvallière;1
243901089;CC de la Plaine Jurassienne;1
244000543;CC de Mimizan;1
244000659;CC du Seignanx;2
244000675;CA du Grand Dax;2
244000691;CC du Pays Morcenais;1
244000766;CC du Pays Tarusate;1
244000774;CC du Pays de Villeneuve en Armagnac Landais;1
244000808;CA Mont de Marsan Agglomération;2
244000824;CC du Pays Grenadois;2
244000857;CC Côte Landes Nature;1
244000865;CC Maremne Adour Côte Sud;1
244000873;CC des Grands Lacs;2
244000881;CC Coteaux et Vallées des Luys;1
244100293;CC des Collines du Perche;2
244100780;CC de la Sologne des Etangs;2
244100798;CC du Grand Chambord;1
244100806;CC de la Sologne des Rivières;1
244200614;CC des Vals d'Aix et Isable;1
244200622;CC des Monts du Pilat;1
244200630;CC du Pays Entre Loire et Rhône;1
244200770;Saint-Étienne Métropole;4
244200820;CC du Pays d'Urfé;1
244200895;CC du Pilat Rhodanien;2
244300307;CC Haut Pays du Velay;1
244301016;CC des Sucs;1
244301099;CC Auzon Communauté;1
244301107;CC du Haut Lignon;1
244301123;CC des Pays de Cayres et de Pradelles;1
244301131;CC Loire et Semène;1
244400404;Nantes Métropole;3
244400438;Grand Lieu Communauté;1
244400453;CC du Pays de Blain;1
244400503;CC d'Erdre et Gesvres;1
244400537;CC de Nozay;2
244400552;CC du Pays d'Ancenis;2
244400586;CC du Sud Estuaire;1
244400610;CA de la Presqu'île de Guérande Atlantique (Cap Atlantique);1
244400644;CA de la Région Nazairienne et de l'Estuaire (CARENE);3
244500203;CA Montargoise et Rives du Loing (AME);5
244500211;CC Giennoises;3
244500419;CC des Quatre Vallées;2
244500427;CC des Loges;2
244500468;Orléans Métropole;5
244500484;CC de la Forêt;1
244500542;CC de la Plaine du Nord Loiret;2
244600433;CC de la Vallée du Lot et du Vignoble;2
244600482;CC Quercy - Bouriane;1
244600532;CC du Pays de Lalbenque-Limogne;1
244600573;CC du Causse de Labastide Murat;3
244700449;CC du Pays de Duras;1
244700464;CC du Pays de Lauzun;2
244701355;CC des Coteaux et Landes de Gascogne;2
244701405;CC Lot et Tolzac;1
244800405;CC Coeur de Lozère;2
244800470;CC du Gévaudan;2
244900015;CU Angers Loire Métropole;2
244900809;CC Anjou Bleu Communauté;1
244900882;CC Baugeois Vallée;1
245100615;CC de la Grande Vallée de la Marne;1
245100888;CC de la Brie Champenoise;2
245100979;CC du Sud Marnais;2
245200597;CC des Trois Forêts;1
245300223;CC du Pays de Meslay-Grez;1
245300355;CC de l'Ernée;1
245300389;CC du Bocage Mayennais;1
245300447;CC du Pays de Château-Gontier;1
245400171;CC Moselle et Madon;2
245400189;CC des Pays du Sel et du Vermois;2
245400262;Agglomération du Grand Longwy;3
245400510;CC du Pays de Colombey et du Sud Toulois;1
245400601;CC du Bassin de Pompey;2
245400676;Métropole du Grand Nancy;4
245400759;CC du Pays du Sanon;1
245500327;CC du Sammiellois;2
245501176;CC du Territoire de Fresnes-en-Woëvre;1
245501184;CC du Pays de Revigny-sur-Ornain;0
245501242;CC du Pays d'Étain;1
245501259;CC du Pays de Montmédy;1
245600440;CC Blavet Bellevue Océan;1
245600465;CC de Belle Ile en Mer;2
245614383;CC Questembert Communauté;1
245614417;CC Roi Morvan Communauté;1
245614433;CC Pontivy Communauté;2
245700133;CC du District Urbain de Faulquemont (DUF);1
245700372;CA de Forbach Porte de France;3
245700398;CC de Freyming-Merlebach;3
245700695;CC de Cattenom et Environs;1
245700950;CC du Pays de Phalsbourg;1
245701164;CC du Warndt;2
245701206;CC du Saulnois;1
245701222;CA du Val de Fensch;3
245701271;CC du Pays Orne Moselle;2
245701354;CC de l'Arc Mosellan;1
245701362;CA Portes de France-Thionville;3
245701404;CC du Pays Haut Val d'Alzette;3
245801063;CC Loire et Allier;0
245804406;CA de Nevers;2
245804497;CC du Nivernais Bourbonnais;2
245900428;CU de Dunkerque;2
245900758;CC Flandre Lys;1
245901038;CC du Pays Solesmois;2
245901152;CA Coeur d'Ostrevent;2
245901160;CA Valenciennes Métropole;3
246000129;CC du Liancourtois;3
246000376;CC du Clermontois;3
246000566;CC du Plateau Picard;3
246000582;CC des Sablons;5
246000707;CC du Vexin-Thelle;3
246000749;CC des Lisières de l'Oise;2
246000756;CC du Pays Noyonnais;4
246000764;CC de l'Aire Cantilienne;3
246000772;CC des Deux Vallées;2
246000848;CC de la Picardie Verte;2
246000855;CC du Pays des Sources;2
246000871;CC du Pays de Valois;4
246000897;CC de la Plaine d'Estrées;2
246000913;CC du Pays de Bray;3
246000921;CC des Pays d'Oise et d'Halatte;4
246100390;CC du Val d'Orne;1
246100663;CU d'Alençon;2
246200299;CA d'Hénin-Carvin;3
246200364;CA de Lens - Liévin;3
246200380;CC de la Terre des Deux Caps;2
246200729;CA du Boulonnais;3
246200844;CC de la Région d'Audruicq;1
246201016;CC du Pays de Lumbres;1
246300701;Clermont Auvergne Métropole;3
246300966;CC du Massif du Sancy;2
246301097;CC Entre Dore et Allier;2
246400337;CC de la Vallée d'Ossau;2
246401756;CC Pays de Nay;1
246500482;CC de la Haute-Bigorre;1
246500573;CC Aure Louron;3
246600282;CC Sud-Roussillon;3
246600373;CC du Vallespir;2
246600399;CC Pyrénées Cerdagne;2
246600415;CC Roussillon-Conflent;3
246600423;CC Agly Fenouillèdes;3
246600449;CC des Aspres;3
246600464;CC Pyrénées Catalanes;3
246600548;CC du Haut Vallespir;3
246700306;CC de la Vallée de la Bruche;2
246700488;Eurométropole de Strasbourg;6
246700744;CC des Portes de Rosheim;1
246700777;CC de la Vallée de Villé;1
246700843;CC de la Basse-Zorn;1
246700926;CC du Pays de Wissembourg;2
246700959;CC du Pays de la Zorn;1
246700967;CC de Sélestat;3
246701064;CC de la Région de Molsheim-Mutzig;3
246701080;CC du Pays de Sainte-Odile;2
246701098;CC du Pays de Niederbronn-les-Bains;2
246800205;CC de la Vallée de Saint-Amarin;1
246800395;CC du Val d'Argent;4
246800445;CC du Centre du Haut-Rhin;2
246800494;CC du Pays de Rouffach, Vignobles et Châteaux;1
246800551;CC de la Vallée de Kaysersberg;1
246800569;CC de la Région de Guebwiller;2
246800577;CC du Pays de Ribeauvillé;2
246800585;CC de la Vallée de Munster;2
246800676;CC de la Vallée de la Doller et du Soultzbach;2
246800726;CA Colmar Agglomération;3
246900575;CC de l'Est Lyonnais (CCEL);2
246900625;CC du Pays de l'Arbresle (CCPA);2
246900724;CC des Vallons du Lyonnais (CCVL);2
246900740;CC du Pays Mornantais (COPAMO);2
246900757;CC de la Vallée du Garon (CCVG);2
246900765;CC du Pays de l'Ozon;2
247000011;CA de Vesoul;2
247000367;CC des Combes;1
247000623;CC des Quatre Rivières;1
247000664;CC du Pays de Lure;1
247000698;CC des Monts de Gy;1
247000706;CC du Pays Riolais;1
247000714;CC du Pays de Villersexel;1
247000722;CC du Pays d'Héricourt;1
247000755;CC du Pays de Luxeuil;2
247000821;CC Rahin et Chérimont;1
247000854;CC des 1000 étangs;1
247100290;CU Le Creusot Montceau-les-Mines;1
247100589;CA Le Grand Chalon;2
247100639;CC de Marcigny;1
247100647;CC Bresse Nord Intercom';2
247103765;CC Entre Saône et Grosne;2
247103864;CC de Semur en Brionnais;0
247104094;CC Sud Côte Chalonnaise;1
247200090;CC du Pays Sabolien;2
247200132;CU Le Mans Métropole;3
247200348;CC du Pays Fléchois;1
247200421;CC du Sud Est Manceau;1
247200447;CC Orée de Bercé - Belinois;1
247200629;CC du Val de Sarthe;1
247200686;Communauté de communes du Perche Emeraude;2
247300015;CC des Vallées d'Aigueblanche;2
247300254;CC de Haute-Tarentaise;6
247300262;CC de Yenne;2
247300361;CC du Canton de La Chambre;3
247300452;CC Maurienne Galibier;2
247300528;CC Val Guiers;2
247300668;CC du Lac d'Aiguebelette (CCLA);2
247300676;CC Porte de Maurienne;2
247300817;CC Les Versants d'Aime;2
247400047;CC de la Vallée Verte;2
247400112;CC du Pays de Cruseilles;2
247400567;CC Fier et Usses;3
247400583;CC Arve et Salève;3
247400617;CC des Vallées de Thônes;3
247400666;CC des Quatre Rivières;3
247400682;CC du Haut Chablais;3
247400690;CC du Genevois;4
247400724;CC du Pays Rochois;3
247400740;CC Rumilly Terre de Savoie;4
247400773;CC des Sources du Lac d'Annecy;2
247600505;CC Campagne-de-Caux;2
247600588;CC des Villes Soeurs;2
247600604;CC de Londinières;3
247600620;CC Yvetot Normandie;1
247600646;CC Caux - Austreberthe;1
247600729;CC Falaises du Talou;1
247600786;CA de la Région Dieppoise;2
247700032;CC Moret Seine et Loing;3
247700057;CA Melun Val de Seine;10
247700065;CC du Pays de l'Ourcq;5
247700107;CC Pays de Montereau;8
247700339;CA Val d'Europe Agglomération;7
247700594;CA Marne et Gondoire;9
247700644;CC l'Orée de la Brie;7
247700701;CC Brie Nangissienne;6
247800550;CC du Pays Houdanais (CCPH);2
247800584;CA Versailles Grand Parc (CAVGP);6
247800618;CC Coeur d'Yvelines;2
247900798;CC du Thouarsais;2
248000499;CC du Val de Somme;2
248000531;CA Amiens Métropole;5
248000747;CC du Pays du Coquelicot;2
248100158;CC du Sor et de l'Agout;1
248100430;CA de Castres Mazamet;2
248100497;CC Val 81;2
248100737;CA de l'Albigeois (C2A);2
248100745;CC Thoré Montagne Noire;1
248200016;CC des Deux Rives;2
248200057;CC du Quercy Caussadais;3
248200065;CC de la Lomagne Tarn-et-Garonnaise;2
248200099;CA Grand Montauban;3
248200107;Quercy Rouergue et des Gorges de l'Aveyron;3
248300394;CA Sud Sainte Baume;4
248300410;CC de la Vallée du Gapeau;3
248300493;Dracénie Provence Verdon Agglomération;5
248300543;Métropole Toulon-Provence-Méditerranée;6
248300550;CC Coeur du Var;4
248400053;CA Ventoux-Comtat-Venaissin (COVE);4
248400160;CC Aygues-Ouvèze en Provence (CCAOP);2
248400236;Pays d'Orange en Provence;3
248400251;CA du Grand Avignon (COGA);5
248400285;Communauté de Communes Sud Luberon;3
248400293;CA des Sorgues du Comtat;3
248400319;CC du Pays des Sorgues et des Monts de Vaucluse;3
248400335;CC Vaison Ventoux;2
248500191;CC de l'Ile de Noirmoutier;2
248500258;CC Océan Marais de Monts;1
248500340;CC Pays de Chantonnay;2
248500415;CC du Pays de la Châtaigneraie;1
248500464;CC du Pays de Pouzauges;1
248500530;CC du Pays des Achards;1
248500563;CC Vendée, Sèvre, Autise;1
248500589;CA La Roche-sur-Yon - Agglomération;2
248500621;CC du Pays des Herbiers;1
248500662;CC du Pays de Mortagne;1
248600413;CA Grand Châtellerault;2
248600447;CC du Pays Loudunais;1
248700189;CC du Pays de Saint Yrieix;1
248719262;CC Gartempe - Saint Pardoux;0
248719288;CC du Val de Vienne;1
248719312;CU Limoges Métropole;3
248719338;CC Briance-Combade;1
248719353;CC des Portes de Vassivière;3
248719361;CC de Noblat;1
248900334;CA du Grand Sénonais;4
248900383;CC de l'Agglomération Migennoise;4
248900524;CC de l'Aillantais en Bourgogne;1
248900664;CC de la Vanne et du Pays d'Othe;1
248900748;CC du Gâtinais en Bourgogne;2
248900896;CC Yonne Nord;2
248900938;CC du Jovinien;3
249000241;CC du Sud Territoire;2
249100074;CC du Pays de Limours (CCPL);2
249100157;CC des 2 Vallées;3
249100546;CC du Val d'Essonne (CCVE);4
249100553;CC Entre Juine et Renarde (CCEJR);4
249100595;CC le Dourdannais en Hurepoix (CCDH);4
249500109;CA de Cergy-Pontoise;13
249500430;CC Sausseron Impressionnistes;3
249500455;CC de la Vallée de l'Oise et des Trois Forêts;5
249500489;CC du Haut Val d'Oise;9
249500513;CC du Vexin-Val de Seine;5
249710047;CC de Marie-Galante;6
249710062;CA du Nord Basse-Terre;7
249710070;CA Grand Sud Caraïbe;8
249720053;CA de l'Espace Sud de la Martinique;7
249720061;CA du Centre de la Martinique;8
249730037;CC de l'Ouest Guyanais;51
249730045;CA du Centre Littoral;27
249730052;CC de l'Est Guyanais;50
249740077;CA CIVIS (Communauté Intercommunale des Villes Solidaires);8
249740085;CA du Sud;6
249740093;CA Intercommunale de la Réunion Est (CIREST);10
249740101;CA Territoire de la Côte Ouest (TCO);10
249740119;CA Intercommunale du Nord de la Réunion (CINOR);11
75056;Paris;14